{
    "loss": 3.140822649002075,
    "accuracy": 0.5431034564971924
}